Time,Theta_deg,Theta_dot,Sin_theta,Cos_theta,Control
0,20,0,0.342020143325669,0.939692620785908,-0.377356381111876
0.01,15.9790615190837,0.024997889995575,0.275286048650742,0.961362361907959,3.71738609303973
0.02,15.7744157444509,0.0164286438375711,0.271850556135178,0.962339460849762,3.95136848974141
0.03,15.4265072655666,-0.0123769827187061,0.266002118587494,0.963972449302673,-0.113910713827476
0.04,14.9088782241357,-0.0465038567781448,0.25728252530098,0.966336190700531,-0.323760705988283
0.05,14.2931964900272,-0.0711383149027824,0.246883943676949,0.969045042991638,0.0750125042738386
0.06,13.6239177817541,-0.0868057459592819,0.235547840595245,0.97186279296875,0.0357806370825946
0.07,12.9180040436475,-0.0958574041724205,0.223556399345398,0.974690973758698,0.409515958880046
0.08,12.1913156076225,-0.101218104362488,0.211176648736,0.977447926998138,0.310318540250343
0.09,11.446391872903,-0.105246849358082,0.198450982570648,0.980110764503479,0
0.1,10.684746505436,-0.107762344181538,0.185405015945435,0.982662200927734,-0.160471637062115
0.11,9.90885360180936,-0.110330522060394,0.17208132147789,0.985082745552063,-0.262208661411476
0.12,9.38784686233755,-0.0814406797289848,0.163116693496704,0.986606776714325,0.244442864869541
0.13,8.8531017948051,-0.0545728951692581,0.153901651501656,0.988086104393005,0.278830165790908
0.14,8.29267141627373,-0.0546368695795536,0.144229635596275,0.989544272422791,0.503352596345197
0.15,7.75544249933215,-0.0560742430388927,0.134945049881935,0.990853071212769,-0.462680899063106
0.16,7.23654860531353,-0.0539090447127819,0.12596607208252,0.992034554481506,-0.764390257504811
0.17,6.73988762555785,-0.0475049205124378,0.11736211925745,0.993089139461517,-0.26507043809587
0.18,6.28107483335244,-0.0357965044677258,0.109405994415283,0.993997156620026,-0.311778580776983
0.19,5.85401951705936,-0.0240601375699043,0.101994246244431,0.994785010814667,0.247815940619885
0.2,5.46219288341204,-0.0154799269512296,0.0951889082789421,0.995459198951721,0.489089748271477
0.21,5.10277522548425,-0.0116751883178949,0.0889425426721573,0.996036767959595,-0.187235833440235
0.22,4.76510553427416,-0.0105318147689104,0.0830709412693977,0.996543645858765,0.102206097354267
0.23,4.44006616013061,-0.0076048020273447,0.0774162337183952,0.996998846530914,-0.061109595006532
0.24,4.12419450372245,-0.00587683217599988,0.0719186291098595,0.997410476207733,-0.291943857189304
0.25,3.82666642732447,-0.00228986819274724,0.0667382851243019,0.997770488262177,0.0954449401393584
0.26,3.54332103729237,-0.00377774424850941,0.0618032068014145,0.998088359832764,0.133776151818877
0.27,3.27702817381322,-0.00734166381880641,0.0571637526154518,0.998364806175232,-0.0269146158767147
0.28,3.02923437143108,-0.00835864432156086,0.0528454855084419,0.998602688312531,0.0519602887646601
0.29,2.79289510499417,-0.010068204253912,0.0487259142100811,0.998812198638916,-0.0111699456321571
0.3,2.57125749816619,-0.00906824693083763,0.0448618456721306,0.998993158340454,-0.00423396024422889
0.31,2.36078871270973,-0.00726708583533764,0.0411918796598911,0.999151289463043,0.0372170459829518
0.32,2.1539547559011,-0.00963608454912901,0.0375847481191158,0.999293446540833,-0.094211410704881
0.33,1.95905923758355,-0.0099377129226923,0.0341853722929955,0.999415516853333,0.0701186994339421
0.34,1.77324603711819,-0.011103343218565,0.0309440400451422,0.99952107667923,-0.0245105348808404
0.35,1.59445668521568,-0.0135714812204242,0.0278249271214008,0.999612808227539,-0.0654068665209358
0.36,1.427542703195,-0.0134848216548562,0.0249127428978682,0.999689638614655,0.0804382268096519
0.37,1.27071743358992,-0.0134136928245425,0.0221763849258423,0.999754071235657,-0.0164821240582774
0.38,1.11998551828502,-0.0145566174760461,0.019546190276742,0.999808967113495,-0.0113669679232428
0.39,0.977077076694038,-0.0151608362793922,0.017052385956049,0.999854624271393,-0.0558885302210378
0.4,0.840148625722031,-0.0159280244261026,0.014662834815681,0.99989253282547,-0.0463044877282064
0.41,0.709597435946574,-0.0163566265255213,0.012384494766593,0.999923288822174,-0.06962381815062
0.42,0.585363653052519,-0.0163030903786421,0.0102163450792432,0.999947786331177,-0.0518193674582833
0.43,0.467090581081804,-0.0167054869234562,0.00815217848867178,0.99996680021286,0.0382331814246004
0.44,0.357580184408456,-0.0163120813667774,0.00624091131612659,0.999980568885803,-0.00073852199161142
0.45,0.252561870155372,-0.0168812237679958,0.00440802192315459,0.999990284442902,-0.0432021191600827
0.46,0.152399692864554,-0.0176856406033039,0.00265987333841622,0.999996483325958,-0.0330622651528756
0.47,0.0584287274596401,-0.0176007002592087,0.00101977353915572,0.999999523162842,-0.0205134939848278
0.48,-0.0321903437519531,-0.0181276518851519,-0.000561827444471419,0.999999821186066,-0.0224691714274146
0.49,-0.118119022706822,-0.0186147261410952,-0.00206156447529793,0.999997913837433,-0.0131444766748556
0.5,-0.200238510079569,-0.0193756613880396,-0.00349481427110732,0.999993920326233,0
0.51,-0.278086434028422,-0.0201475955545902,-0.00485350470989943,0.999988198280334,0
0.52,-0.352534368810864,-0.0211601909250021,-0.00615284685045481,0.999981105327606,0
0.53,-0.423536434260905,-0.0221536755561829,-0.00739203812554479,0.999972701072693,0.339931660232027
0.54,-0.488321472314675,-0.0237870085984468,-0.00852271448820829,0.999963700771332,0.493735093324638
0.55,-0.551427667153376,-0.0283053945749998,-0.00962407980114222,0.99995368719101,-0.398773214064523
0.56,-0.62203195493735,-0.0329474359750748,-0.0108562922105193,0.999941051006317,-0.774227799513671
0.57,-0.694750821219174,-0.0329412631690502,-0.0121253924444318,0.999926507472992,0.200168660516236
0.58,-0.755497880419283,-0.0304622370749712,-0.0131855430081487,0.999913036823273,-0.504116674573293
0.59,-0.814036351856198,-0.0272755268961191,-0.0142071368172765,0.999899089336395,-0.71943651861837
0.6,-0.868056898395314,-0.0208583474159241,-0.0151498708873987,0.999885201454163,-0.164120114603974
0.61,-0.909693666737037,-0.0127688786014915,-0.0158764831721783,0.999873995780945,-0.430861723605342
0.62,-0.94414393098808,-0.00472810212522745,-0.0164776742458344,0.999864220619202,-0.594125024511459
0.63,-0.972092713348353,0.00423681735992432,-0.0169654041528702,0.999856054782867,0.188476440900404
0.64,-0.983245325788248,0.0137782720848918,-0.0171600263565779,0.999852776527405,-0.528623012743108
0.65,-0.991750499149823,0.0220454707741737,-0.017308447510004,0.999850213527679,-0.144057760326959
0.66,-1.00304947495252,0.0249290894716978,-0.0175056215375662,0.999846756458282,0.165005064532267
0.67,-1.00934454950738,0.024060158059001,-0.0176154747605324,0.99984484910965,-0.00408926830067113
0.68,-1.00248823885967,0.0263010878115892,-0.0174958277493715,0.999846935272217,-0.0235427783807268
0.69,-1.00522681504666,0.022785572335124,-0.0175436176359653,0.99984610080719,-0.541481235811553
0.7,-1.01406658254605,0.0191131196916103,-0.0176978763192892,0.99984335899353,-0.0225116529525172
0.71,-1.01294379009388,0.0197578277438879,-0.0176782831549644,0.999843716621399,-0.0086241049919595
0.72,-1.01480351558766,0.0178755428642035,-0.0177107360213995,0.999843120574951,-0.111969895615535
0.73,-1.02004073465353,0.0146497376263142,-0.0178021285682917,0.999841511249542,0.0689353613933966
0.74,-1.0171708508869,0.0151031352579594,-0.0177520476281643,0.999842405319214,0.181816089639385
0.75,-1.02575664594977,0.00972943194210529,-0.0179018750786781,0.999839782714844,-0.140962055531615
0.76,-1.03569152396999,0.00612883036956191,-0.018075242638588,0.999836623668671,0.246412888807193
0.77,-1.0428497782108,0.00365893659181893,-0.0182001572102308,0.999834358692169,-0.10629507363606
0.78,-1.05705638144295,-0.00040789830381982,-0.0184480678290129,0.999829828739166,-0.288823675688009
0.79,-1.07649458630606,-0.00315553369000554,-0.0187872685492039,0.999823451042175,-0.283427760306013
0.8,-1.10149481245062,-0.00653977738693357,-0.0192235261201859,0.999815165996552,0.223735221418065
0.81,-1.11458186802673,-0.00648860586807132,-0.0194518957287073,0.999810755252838,0.130372077653015
0.82,-1.12888653192411,-0.00806662626564503,-0.0197015125304461,0.999805927276611,-0.13613314134854
0.83,-1.14805137756173,-0.0105751724913716,-0.0200359355658293,0.999799251556396,-0.185262026354755
0.84,-1.16667693018258,-0.0111339455470443,-0.0203609466552734,0.999792695045471,-0.166768001246519
0.85,-1.18524130597498,-0.0102507676929235,-0.0206848885864019,0.999786078929901,0.0115150126156257
0.86,-1.20472787625447,-0.0109595097601414,-0.0210249181836843,0.999778926372528,-0.377194387663827
0.87,-1.22069438984419,-0.00871764961630106,-0.0213035251945257,0.99977308511734,-0.192024629912522
0.88,-1.23848737571348,-0.0073357755318284,-0.0216139983385801,0.99976634979248,-0.284566911511022
0.89,-1.25520220814134,-0.00601045368239284,-0.0219056587666273,0.999760031700134,-0.0409929632639758
0.9,-1.26644895721077,-0.00437414646148682,-0.02210190333426,0.999755680561066,-0.132338941983603
0.91,-1.26917578040599,-0.000550369964912534,-0.0221494846045971,0.999754667282104,-0.0434659996673187
0.92,-1.27241021241976,0.00172035547439009,-0.0222059208899736,0.999753355979919,-0.0257541172878806
0.93,-1.27794779670953,0.00154960004147142,-0.0223025474697351,0.999751269817352,-0.0841756676733775
0.94,-1.28347478723338,0.000671391491778195,-0.0223989877849817,0.99974912405014,-0.268343177359992
0.95,-1.28981909315835,0.000319357874104753,-0.0225096885114908,0.99974662065506,0.0078233917838995
0.96,-1.29197284092341,0.00108947034459561,-0.0225472692400217,0.999745786190033,-0.198373291770753
0.97,-1.2989800280474,-0.000462261465145275,-0.0226695369929075,0.999743044376373,-0.0648141500979876
0.98,-1.30259668817033,-0.00065865961369127,-0.0227326434105635,0.999741613864899,-0.0178374688251339
0.99,-1.30652064707061,-0.00180758617352694,-0.0228011105209589,0.99974000453949,-0.620425086798174
1,-1.31147531023434,-0.000308836781186983,-0.0228875633329153,0.999738037586212,0.00744707117493552
1.01,-1.31271902440047,0.00179595465306193,-0.022909265011549,0.999737560749054,-0.458776080215346
1.02,-1.31444936139312,0.00467028981074691,-0.0229394566267729,0.999736845493317,-0.249505197020492
1.03,-1.31318036083141,0.00855146814137697,-0.0229173135012388,0.999737322330475,0.0497145810479291
1.04,-1.30760050825334,0.0112685253843665,-0.0228199530392885,0.999739587306976,-0.0119312988688951
1.05,-1.30262173223051,0.0113350134342909,-0.0227330792695284,0.999741554260254,0.138807328470366
1.06,-1.29355077008573,0.011252960190177,-0.0225748028606176,0.999745190143585,-0.0920245751098315
1.07,-1.29064486743317,0.00869050156325102,-0.0225240979343653,0.999746322631836,-0.466550464219815
1.08,-1.29017048573632,0.00801652017980814,-0.0225158203393221,0.99974650144577,-0.198171932125376
1.09,-1.28780084767717,0.00912562198936939,-0.0224744733422995,0.999747455120087,-0.0901109803300259
1.1,-1.28976108108434,0.00718022091314197,-0.0225086770951748,0.999746680259705,-0.0441151233045871
1.11,-1.282687849735,0.00851878710091114,-0.0223852563649416,0.999749422073364,-0.344006278768417
1.12,-1.28372730392048,0.0073189283721149,-0.0224033948034048,0.999749064445496,-0.300324238606922
1.13,-1.28182241500056,0.00857149250805378,-0.0223701559007168,0.999749779701233,-0.000121828747055379
1.14,-1.27407125776247,0.0112527012825012,-0.0222349055111408,0.999752759933472,-0.583060024183393
1.15,-1.27094687361015,0.0138546545058489,-0.022180387750268,0.999753952026367,-0.268354655577817
1.16,-1.26289770203016,0.0185795556753874,-0.0220399387180805,0.99975711107254,-1.22597903026113
1.17,-1.26092669269195,0.0248876996338367,-0.0220055468380451,0.999757885932922,0.81096369115657
1.18,-1.24362996159382,0.0289017055183649,-0.0217037331312895,0.999764442443848,1.1914606269565
1.19,-1.21616272445996,0.0259208977222443,-0.0212244503200054,0.999774754047394,0.335511425263088
1.2,-1.20044229327302,0.016698507592082,-0.020950136706233,0.999780476093292,-0.986611091563796
1.21,-1.20374582275476,0.00941439718008041,-0.0210077818483114,0.999779284000397,0.633548985384133
1.22,-1.20641773213851,0.00259258947335184,-0.0210544057190418,0.99977833032608,-0.318085304916923
1.23,-1.21591756743622,-0.00409279810264707,-0.0212201718240976,0.999774813652039,0.15282382954476
1.24,-1.22265632875824,-0.00780157838016748,-0.0213377587497234,0.999772310256958,-0.766286591789132
1.25,-1.24471942560852,-0.0123204672709107,-0.0217227432876825,0.999764025211334,-0.688688973186228
1.26,-1.26188332038914,-0.00979228969663382,-0.0220222380012274,0.999757468700409,-0.738591376346409
1.27,-1.28606383640898,-0.00830966886132956,-0.022444162517786,0.999748051166534,-0.174665564750547
1.28,-1.27586692168685,0.00625442015007138,-0.0222662389278412,0.999752104282379,-0.718581902414333
1.29,-1.2622673623729,0.0218223296105862,-0.0220289397984743,0.999757349491119,0.252834706796363
1.3,-1.2487431732866,0.0305405482649803,-0.0217929538339376,0.99976247549057,0.31008524626666
1.31,-1.24352628510859,0.0277357157319784,-0.0217019245028496,0.999764502048492,0.671034849505958
1.32,-1.21534911245012,0.0290986727923155,-0.021210253238678,0.999775052070618,-0.0508819170350679
1.33,-1.20854907213319,0.0210859496146441,-0.0210915952920914,0.999777495861053,-0.118720803801116
1.34,-1.20191967655092,0.016161672770977,-0.0209759175777435,0.999779999256134,-0.363268976477122
1.35,-1.21119060705453,0.00799330975860357,-0.0211376901715994,0.999776601791382,-0.126437964451849
1.36,-1.21674344969581,0.00296401116065681,-0.0212345831096172,0.999774515628815,-0.310126216047443
1.37,-1.22350639748612,-0.00053407542873174,-0.0213525909930468,0.999771952629089,0.0593801245488708
1.38,-1.2200340342157,-0.000135270733153448,-0.0212920010089874,0.999773263931274,0.0158819229534475
1.39,-1.22714787599615,-0.00384523160755634,-0.0214161332696676,0.999770641326904,0.068868298359446
1.4,-1.22734320506205,-0.00301952287554741,-0.0214195419102907,0.99977058172226,-0.026491258614946
1.41,-1.23265828688548,-0.00315693905577064,-0.0215122867375612,0.999768614768982,0.0391211623809504
1.42,-1.23538255006214,-0.00198454409837723,-0.0215598233044147,0.999767601490021,0.0077284153324155
1.43,-1.25055356222018,-0.00551050528883934,-0.0218245442956686,0.999761819839478,0.0174874354632328
1.44,-1.2657115575941,-0.00907322857528925,-0.0220890380442142,0.999756038188934,4.8291362283766e-37
1.45,-1.28413731846269,-0.0136614749208093,-0.0224105473607779,0.999748826026917,-3.55723634234355
1.46,-1.32076389943343,-0.00558462552726269,-0.0230496376752853,0.999734342098236,0.602775222988024
1.47,-1.3213778077507,0.0103700682520866,-0.0230603497475386,0.999734103679657,-0.551776175736781
1.48,-1.30625215602333,0.0250745192170143,-0.0227964259684086,0.999740123748779,0.849695405214316
1.49,-1.27606979474129,0.0342997200787067,-0.0222697779536247,0.99975198507309,0.793684452480696
1.5,-1.24322468647256,0.0345803201198578,-0.0216966606676579,0.999764561653137,0.07718320800877
1.51,-1.22386785440571,0.0286691542714834,-0.0213588997721672,0.999771893024445,0.220962675195563
1.52,-1.2119313444485,0.0212092269212008,-0.0211506150662899,0.999776303768158,0.911682950529202
1.53,-1.20397298311126,0.0101749151945114,-0.0210117474198341,0.999779284000397,-0.500216347613096
1.54,-1.21270910601683,-0.00117418565787375,-0.0211641862988472,0.999776005744934,-0.937600437562595
1.55,-1.23064403271415,-0.00624347198754549,-0.0214771386235952,0.999769330024719,0.059670231666074
1.56,-1.27920812531771,-0.0255714114755392,-0.022324537858367,0.999750733375549,-0.347138425839348
1.57,-1.27472176278821,-0.0182348284870386,-0.0222462564706802,0.999752521514893,-0.878375007889923
1.58,-1.29212421083027,-0.0154073871672153,-0.0225499104708433,0.999745726585388,0.827514654271786
1.59,-1.28195991455363,-0.00575489224866033,-0.022372554987669,0.999749720096588,-1.32086206200694
1.6,-1.28875715651607,0.00222446746192873,-0.0224911589175463,0.999747037887573,-0.544540371112262
1.61,-1.29875773573377,0.0102349771186709,-0.0226656589657068,0.999743163585663,-0.532549186581807
1.62,-1.29779275496554,0.0206520780920982,-0.0226488206535578,0.999743521213531,0.902035355557468
1.63,-1.27143995806918,0.0309559926390648,-0.0221889931708574,0.999753832817078,-0.224911006560404
1.64,-1.26522746644927,0.0280510950833559,-0.0220805909484625,0.999756217002869,0.626889271149218
1.65,-1.25740567632049,0.0205486584454775,-0.0219441074877977,0.999759197235107,-0.955402170226603
1.66,-1.25004919866336,0.0188185460865498,-0.0218157432973385,0.999761998653412,-0.793574360890235
1.67,-1.24421026062666,0.0198333617299795,-0.0217138584703207,0.999764204025269,0.31801414095132
1.68,-1.23628394043274,0.0189097877591848,-0.0215755514800549,0.999767243862152,0.15579172596629
1.69,-1.20676059007531,0.0246113110333681,-0.0210603885352612,0.999778211116791,-0.281232260571372
1.7,-1.21053316619295,0.0166580583900213,-0.0211262181401253,0.999776840209961,-0.294716286794183
1.71,-1.2062822604128,0.014861224219203,-0.0210520420223475,0.999778389930725,-0.111360081369309
1.72,-1.20177684269474,0.0135868154466152,-0.0209734253585339,0.999780058860779,0.20071916633748
1.73,-1.18114877579187,0.0186757054179907,-0.0206134747713804,0.999787509441376,0.663243865666026
1.74,-1.17705916269008,0.0128868250176311,-0.0205421131104231,0.999788999557495,0.0440102008067668
1.75,-1.17087832714845,0.00923635996878147,-0.020434258505702,0.999791145324707,0.0054749887059405
1.76,-1.18854227459835,-0.00308999908156693,-0.0207424890249968,0.999784886837006,0.446995523855197
1.77,-1.2042122371621,-0.0140472380444407,-0.0210159216076136,0.999779164791107,0.255972276542877
1.78,-1.21353829592739,-0.0198353063315153,-0.0211786553263664,0.99977570772171,-0.352413923057535
1.79,-1.23635486083313,-0.0255229268223047,-0.0215767882764339,0.999767184257507,-0.683253376347047
1.8,-1.2727650504217,-0.0290851108729839,-0.0222121141850948,0.999753296375275,0.242047624880814
1.81,-1.29907164915726,-0.0298530515283346,-0.0226711351424456,0.999742984771729,-0.195560504503694
1.82,-1.32300436019595,-0.029409296810627,-0.0230887308716774,0.999733448028564,-0.00802263948436557
1.83,-1.341658993697,-0.0268961228430271,-0.0234142262488604,0.999725818634033,-0.10716581846195
1.84,-1.35772436269256,-0.0223732832819223,-0.0236945431679487,0.999719262123108,-0.207826842021949
1.85,-1.3808190573839,-0.0211839787662029,-0.0240975059568882,0.999709606170654,-0.136917893785093
1.86,-1.40187243521461,-0.0194852072745562,-0.0244648493826389,0.999700725078583,-0.0670650830876196
1.87,-1.41229066186337,-0.0152678340673447,-0.0246466267853975,0.999696254730225,-0.103765484079139
1.88,-1.42201549862292,-0.0126305669546127,-0.0248163044452667,0.999692022800446,-0.0280267035771773
1.89,-1.43639751789265,-0.013686410151422,-0.0250672399997711,0.999685764312744,0.69870369886006
1.9,-1.44696449013966,-0.018840154632926,-0.0252516083419323,0.999681055545807,0.00336785926643712
1.91,-1.45127935249166,-0.0212464965879917,-0.0253268927335739,0.999679148197174,-2.79674009744788
1.92,-1.48320034708867,-0.0177184659987688,-0.0258838385343552,0.999664962291718,-1.03782119154191
1.93,-1.49454322438295,-0.00114242685958743,-0.0260817427188158,0.999659836292267,-1.06471561729926
1.94,-1.48891963431038,0.0190159678459167,-0.0259836260229349,0.999662399291992,0.584649695527343
1.95,-1.45722003604495,0.0358879342675209,-0.0254305470734835,0.999676644802094,1.74919746341744
1.96,-1.40626552210163,0.0407137498259544,-0.0245415009558201,0.999698877334595,0.281902073643061
1.97,-1.36829155310271,0.0348415561020374,-0.0238789226859808,0.999714851379395,-0.784948124627239
1.98,-1.3511603526697,0.0281101167201996,-0.0235800109803677,0.999721944332123,0.0774641804328713
1.99,-1.33518503197453,0.023856470361352,-0.0233012661337852,0.999728500843048,0.32861639834309
2,-1.31112661396982,0.0222108270972967,-0.0228814799338579,0.999738216400146,0.565861799072268
2.01,-1.29689584515685,0.0136471968144178,-0.0226331707090139,0.9997438788414,0.518364089954106
2.02,-1.31921277922399,-0.0122429989278316,-0.023022573441267,0.999734997749329,-0.527325914716583
2.03,-1.33147771075183,-0.0248717851936817,-0.0232365783303976,0.999729990959167,-0.569265156652704
2.04,-1.35369275065677,-0.0324522443115711,-0.0236241966485977,0.999720871448517,-0.557990506095667
2.05,-1.36133160628909,-0.0262750405818224,-0.0237574838101864,0.999717772006989,-0.207594331437224
2.06,-1.35703449025993,-0.0125661641359329,-0.0236825048923492,0.999719500541687,-1.09603985009588
2.07,-1.37596962014214,-0.00506691634654999,-0.0240128915756941,0.999711632728577,-0.452373395276115
2.08,-1.39437819591472,0.000636259443126619,-0.0243340898305178,0.999703943729401,0.534482287570311
2.09,-1.38394295828804,0.0094496738165617,-0.0241520125418901,0.999708294868469,0.190163901482999
2.1,-1.36870279766376,0.0141970328986645,-0.0238860994577408,0.999714732170105,-0.749352056355964
2.11,-1.35999229783894,0.0190829467028379,-0.023734113201499,0.999718248844147,-0.241836045792476
2.12,-1.34864182481627,0.0247851796448231,-0.023536067456007,0.999723017215729,-0.614461628766448
2.13,-1.34252744323988,0.0260079950094223,-0.0234293807297945,0.999725520610809,-0.285348708983495
2.14,-1.32739896690946,0.0288342591375113,-0.0231654103845358,0.999731659889221,0.0309784777310877
2.15,-1.30353912736921,0.0308850482106209,-0.0227490868419409,0.999741196632385,-0.281520664860408
2.16,-1.27744791476993,0.0333861075341702,-0.0222938247025013,0.999751448631287,2.64082841674163e-18
2.17,-1.26315466931477,0.0297822169959545,-0.0220444221049547,0.999756991863251,-0.0152958554111013
2.18,-1.24137275095906,0.0285626370459795,-0.021664347499609,0.999765336513519,2.64082841674163e-18
2.19,-1.21095035798102,0.0310376100242138,-0.0211334973573685,0.999776661396027,0
2.2,-1.19105683936053,0.0296273231506348,-0.0207863673567772,0.999783992767334,0
2.21,-1.18592648856897,0.0223338697105646,-0.0206968449056149,0.999785840511322,-0.432618447337451
2.22,-1.18016074718482,0.0192946009337902,-0.0205962341278791,0.999787867069244,1.14387673320471
2.23,-1.17120265647644,0.0118671385571361,-0.0204399190843105,0.999791085720062,1.03241020234633
2.24,-1.1632061331252,-0.000552467070519924,-0.0203003827482462,0.999793946743011,-1.02030622361792
2.25,-1.17790062312938,-0.0107537358999252,-0.0205567963421345,0.999788701534271,-0.77247102612911
2.26,-1.20432348838995,-0.0153234554454684,-0.0210178624838591,0.999779105186462,-0.56607670263856
2.27,-1.22546218190623,-0.0126321753486991,-0.021386718377471,0.999771237373352,0.551688308820622
2.28,-1.23371904931343,-0.00984352827072144,-0.0215307958424091,0.999768197536469,0.178467694570193
2.29,-1.24191261190206,-0.0101496186107397,-0.0216737668961287,0.99976509809494,0.792604053002234
2.3,-1.25026778719968,-0.0143454223871231,-0.0218195579946041,0.999761939048767,-0.214558144420495
2.31,-1.27089800709123,-0.0206105820834637,-0.0221795346587896,0.999753952026367,-0.454619944082022
2.32,-1.30248412586536,-0.0263525396585464,-0.022730678319931,0.999741613864899,0.0404058249300663
2.33,-1.31360572006259,-0.0211991760879755,-0.0229247380048037,0.99973726272583,-0.231170620808918
2.34,-1.32842465518552,-0.0168499294668436,-0.0231833085417747,0.999731302261353,-0.263957273024657
2.35,-1.3645267769168,-0.0222759284079075,-0.023813234642148,0.999716460704803,-0.503592332611032
2.36,-1.39165857998263,-0.0227091684937477,-0.024286637082696,0.999705076217651,-0.701461036113486
2.37,-1.41123694271529,-0.018351849168539,-0.0246282406151295,0.999696671962738,-0.330987869922086
2.38,-1.40991422080643,-0.00602977070957422,-0.0246051624417305,0.999697268009186,-0.388076623386676
2.39,-1.40925486427898,0.0035544412676245,-0.0245936568826437,0.999697506427765,0.0262755143274544
2.4,-1.39382505487141,0.014856519177556,-0.0243244357407093,0.99970406293869,-0.429133190388313
2.41,-1.38925064141612,0.0187696702778339,-0.0242446213960648,0.999706029891968,-0.0799199975966173
2.42,-1.37973226309528,0.0211497563868761,-0.0240785423666239,0.999710023403168,-0.502919812537129
2.43,-1.36196277261195,0.026135042309761,-0.0237684957683086,0.999717473983765,0.358557368675758
2.44,-1.34152386783122,0.0278072711080313,-0.0234118700027466,0.999725937843323,-0.654839060480334
2.45,-1.32752878478959,0.0281748529523611,-0.0231676753610373,0.999731600284576,-0.760956228701608
2.46,-1.31407089748608,0.0302776843309402,-0.0229328535497189,0.999737024307251,0.364365999632936
2.47,-1.29048890965927,0.0313163623213768,-0.0225213766098022,0.999746382236481,0.731494124123394
2.48,-1.2579865407904,0.0291799325495958,-0.0219542440026999,0.999759018421173,-0.545845324386214
2.49,-1.24189948821573,0.0241304710507393,-0.0216735377907753,0.99976509809494,0.499169223934586
2.5,-1.22171279314063,0.0208209566771984,-0.0213212948292494,0.999772667884827,-1.21986399861044
2.51,-1.22456367252189,0.0164675321429968,-0.0213710404932499,0.999771595001221,-0.0961470826153285
2.52,-1.21725080114174,0.0183982104063034,-0.0212434362620115,0.99977433681488,0.0144793665807886
2.53,-1.21099410410742,0.0175415053963661,-0.0211342610418797,0.999776661396027,0.886775080120221
2.54,-1.18948719689348,0.017618115991354,-0.0207589771598577,0.999784529209137,-0.639737121152197
2.55,-1.19470959305973,0.00987730920314789,-0.0208501052111387,0.999782621860504,0.519392171443587
2.56,-1.19764732431349,0.00249464414082468,-0.0209013670682907,0.999781548976898,-1.42183446115513
2.57,-1.20330569103204,0.00419403798878193,-0.0210001021623611,0.999779462814331,-0.302465999645131
2.58,-1.20011063859946,0.0126055907458067,-0.0209443494677544,0.999780595302582,0.664911087529962
2.59,-1.20111381838211,0.0116464328020811,-0.0209618546068668,0.999780237674713,-0.701716643049893
2.6,-1.19570082260365,0.0154695976525545,-0.0208674017339945,0.999782264232635,0.529209295363015
2.61,-1.20331390679126,0.00914109591394663,-0.0210002455860376,0.999779462814331,-0.665250476942371
2.62,-1.2029824655329,0.0092193428426981,-0.0209944620728493,0.999779582023621,0.869936676966442
2.63,-1.1947223613876,0.00820181425660849,-0.0208503268659115,0.999782562255859,-0.0295230002104238
2.64,-1.18560290698251,0.00810141488909721,-0.0206911973655224,0.999785900115967,-0.52616903982713
2.65,-1.20510178335887,0.000578006380237639,-0.0210314430296421,0.999778807163239,-0.296764055780833
2.66,-1.2085296877717,0.00299006584100425,-0.0210912581533194,0.999777555465698,-0.699128457869747
2.67,-1.23403427251033,-0.00230328156612813,-0.0215362962335348,0.999768078327179,-1.10436741338483
2.68,-1.24348125915549,0.00468865409493446,-0.0217011384665966,0.999764502048492,0.836071992864364
2.69,-1.22477685377807,0.0159810651093721,-0.0213747620582581,0.999771595001221,-0.398064263016479
2.7,-1.22587471303368,0.0152801889926195,-0.0213939175009727,0.999771118164062,-0.593013494014377
2.71,-1.21484154759695,0.0226891078054905,-0.0212013963609934,0.999775230884552,0.277227371382707
2.72,-1.20919577118926,0.0224108695983887,-0.0211028810590506,0.999777317047119,0.537428789777663
2.73,-1.18271436400441,0.0264237616211176,-0.0206407941877842,0.999786972999573,-0.920563478946776
2.74,-1.18145567630156,0.024211497977376,-0.0206188298761845,0.999787390232086,0.451942840482876
2.75,-1.17915290896986,0.0204335432499647,-0.0205786488950253,0.999788284301758,0.622778142830226
2.76,-1.16985139021047,0.0143947023898363,-0.0204163398593664,0.99979156255722,-1.15929952507346
2.77,-1.18201893826123,0.00740473391488194,-0.020628659054637,0.999787211418152,-0.615496389646464
2.78,-1.19463949214022,0.00462591135874391,-0.0208488814532757,0.999782621860504,0.529700371390577
2.79,-1.17445927494342,0.0126522816717625,-0.0204967465251684,0.999789953231812,-1.22767273958114
2.8,-1.18322263977818,0.0135329654440284,-0.0206496622413397,0.999786734580994,0.175500049051111
2.81,-1.1817658844859,0.0160127989947796,-0.0206242427229881,0.999787271022797,0.734605976762077
2.82,-1.16406253154048,0.0188365336507559,-0.0203153267502785,0.999793648719788,0.0254920282537203
2.83,-1.15129587081757,0.0183349195867777,-0.0200925525277853,0.999798178672791,0.586487041277863
2.84,-1.15970286188785,0.006829300429672,-0.0202392507344484,0.999795138835907,-0.946727436802454
2.85,-1.16637621839549,0.0045882361009717,-0.0203556995838881,0.999792814254761,-0.442248564612472
2.86,-1.17189786894096,0.00755920959636569,-0.0204520504921675,0.999790847301483,0.458781004324098
2.87,-1.18877277886349,0.000779567402787507,-0.0207465104758739,0.999784767627716,-0.0442409924575902
2.88,-1.1973757408521,-0.00358336046338081,-0.0208966284990311,0.999781668186188,-0.485070216745081
2.89,-1.19694624374905,-0.000378645694581792,-0.0208891332149506,0.999781787395477,-0.334848306257196
2.9,-1.22018106338436,-0.00520134344696999,-0.0212945677340031,0.999773263931274,-0.321220209674622
2.91,-1.22309293978074,-2.69994816335384e-05,-0.0213453769683838,0.999772131443024,-0.371870772957555
2.92,-1.21928607519484,0.00855979509651661,-0.0212789513170719,0.999773621559143,-0.503932861571782
2.93,-1.2240525137751,0.0137767652049661,-0.0213621221482754,0.9997718334198,0.236333641749464
2.94,-1.2137439748516,0.0211899466812611,-0.021182244643569,0.999775648117065,-0.0851849775707834
2.95,-1.21766621336781,0.0176794249564409,-0.0212506856769323,0.999774217605591,-0.203392420187577
2.96,-1.21448442653657,0.0170368757098913,-0.0211951658129692,0.999775409698486,0.124040165309503
2.97,-1.2002425176928,0.0201031509786844,-0.0209466516971588,0.999780595302582,-0.00476861674348394
2.98,-1.19298776297024,0.0183295141905546,-0.0208200607448816,0.999783277511597,-0.136490498677138
2.99,-1.19273791051093,0.013918848708272,-0.0208157002925873,0.999783337116241,-0.110737110634839
